Year,Locationabbr,Locationdesc,Class,Topic,Question,Response,Break_Out,Break_Out_Category,Sample_Size,Data_value,Confidence_limit_Low,Confidence_limit_High,Display_order,Data_value_unit,Data_value_type,Data_Value_Footnote_Symbol,Data_Value_Footnote,DataSource,ClassId,TopicId,LocationID,BreakoutID,BreakOutCategoryID,QuestionID,ResponseID,GeoLocation
2014,AL,Alabama,Tobacco Use,Smoker Status,Four Level Smoking Status (variable calculated from one or more BRFSS questions),Smoke everyday,Overall,Overall,"1,048",14.8,13.6,15.9,"2,748",%,Crude Prevalence,,,BRFSS,CLASS17,Topic55,01,BO1,CAT1,_SMOKER3,RESP068,"(32.84057112200048, -86.63186076199969)"
2014,AL,Alabama,Tobacco Use,Smoker Status,Four Level Smoking Status (variable calculated from one or more BRFSS questions),Smoke some days,Overall,Overall,442,6.4,5.5,7.2,"2,749",%,Crude Prevalence,,,BRFSS,CLASS17,Topic55,01,BO1,CAT1,_SMOKER3,RESP069,"(32.84057112200048, -86.63186076199969)"
2014,AL,Alabama,Tobacco Use,Smoker Status,Four Level Smoking Status (variable calculated from one or more BRFSS questions),Former smoker,Overall,Overall,"2,271",24.6,23.3,25.8,"2,750",%,Crude Prevalence,,,BRFSS,CLASS17,Topic55,01,BO1,CAT1,_SMOKER3,RESP070,"(32.84057112200048, -86.63186076199969)"
2014,AL,Alabama,Tobacco Use,Smoker Status,Four Level Smoking Status (variable calculated from one or more BRFSS questions),Never smoked,Overall,Overall,"4,607",54.3,52.8,55.9,"2,751",%,Crude Prevalence,,,BRFSS,CLASS17,Topic55,01,BO1,CAT1,_SMOKER3,RESP071,"(32.84057112200048, -86.63186076199969)"
2014,AK,Alaska,Tobacco Use,Smoker Status,Four Level Smoking Status (variable calculated from one or more BRFSS questions),Smoke everyday,Overall,Overall,523,13.5,12,14.9,"2,742",%,Crude Prevalence,,,BRFSS,CLASS17,Topic55,02,BO1,CAT1,_SMOKER3,RESP068,"(64.84507995700051, -147.72205903599973)"
2014,AK,Alaska,Tobacco Use,Smoker Status,Four Level Smoking Status (variable calculated from one or more BRFSS questions),Smoke some days,Overall,Overall,226,6.4,5.3,7.5,"2,743",%,Crude Prevalence,,,BRFSS,CLASS17,Topic55,02,BO1,CAT1,_SMOKER3,RESP069,"(64.84507995700051, -147.72205903599973)"
2014,AK,Alaska,Tobacco Use,Smoker Status,Four Level Smoking Status (variable calculated from one or more BRFSS questions),Former smoker,Overall,Overall,"1,247",25.7,23.9,27.5,"2,744",%,Crude Prevalence,,,BRFSS,CLASS17,Topic55,02,BO1,CAT1,_SMOKER3,RESP070,"(64.84507995700051, -147.72205903599973)"
2014,AK,Alaska,Tobacco Use,Smoker Status,Four Level Smoking Status (variable calculated from one or more BRFSS questions),Never smoked,Overall,Overall,"2,230",54.4,52.3,56.6,"2,745",%,Crude Prevalence,,,BRFSS,CLASS17,Topic55,02,BO1,CAT1,_SMOKER3,RESP071,"(64.84507995700051, -147.72205903599973)"
2014,AZ,Arizona,Tobacco Use,Smoker Status,Four Level Smoking Status (variable calculated from one or more BRFSS questions),Smoke everyday,Overall,Overall,"1,266",11.1,10.1,12,"2,754",%,Crude Prevalence,,,BRFSS,CLASS17,Topic55,04,BO1,CAT1,_SMOKER3,RESP068,"(34.865970280000454, -111.76381127699972)"
2014,AZ,Arizona,Tobacco Use,Smoker Status,Four Level Smoking Status (variable calculated from one or more BRFSS questions),Smoke some days,Overall,Overall,545,5.4,4.7,6.1,"2,755",%,Crude Prevalence,,,BRFSS,CLASS17,Topic55,04,BO1,CAT1,_SMOKER3,RESP069,"(34.865970280000454, -111.76381127699972)"
2014,AZ,Arizona,Tobacco Use,Smoker Status,Four Level Smoking Status (variable calculated from one or more BRFSS questions),Former smoker,Overall,Overall,"4,638",26.5,25.4,27.7,"2,756",%,Crude Prevalence,,,BRFSS,CLASS17,Topic55,04,BO1,CAT1,_SMOKER3,RESP070,"(34.865970280000454, -111.76381127699972)"
2014,AZ,Arizona,Tobacco Use,Smoker Status,Four Level Smoking Status (variable calculated from one or more BRFSS questions),Never smoked,Overall,Overall,"7,553",57,55.6,58.4,"2,757",%,Crude Prevalence,,,BRFSS,CLASS17,Topic55,04,BO1,CAT1,_SMOKER3,RESP071,"(34.865970280000454, -111.76381127699972)"
2014,AR,Arkansas,Tobacco Use,Smoker Status,Four Level Smoking Status (variable calculated from one or more BRFSS questions),Smoke everyday,Overall,Overall,643,17.7,15.9,19.5,"2,746",%,Crude Prevalence,,,BRFSS,CLASS17,Topic55,05,BO1,CAT1,_SMOKER3,RESP068,"(34.74865012400045, -92.27449074299966)"
2014,AR,Arkansas,Tobacco Use,Smoker Status,Four Level Smoking Status (variable calculated from one or more BRFSS questions),Smoke some days,Overall,Overall,274,7.1,5.9,8.3,"2,747",%,Crude Prevalence,,,BRFSS,CLASS17,Topic55,05,BO1,CAT1,_SMOKER3,RESP069,"(34.74865012400045, -92.27449074299966)"
2014,AR,Arkansas,Tobacco Use,Smoker Status,Four Level Smoking Status (variable calculated from one or more BRFSS questions),Former smoker,Overall,Overall,"1,489",25.2,23.5,27,"2,748",%,Crude Prevalence,,,BRFSS,CLASS17,Topic55,05,BO1,CAT1,_SMOKER3,RESP070,"(34.74865012400045, -92.27449074299966)"
2014,AR,Arkansas,Tobacco Use,Smoker Status,Four Level Smoking Status (variable calculated from one or more BRFSS questions),Never smoked,Overall,Overall,"2,519",50,47.8,52.2,"2,749",%,Crude Prevalence,,,BRFSS,CLASS17,Topic55,05,BO1,CAT1,_SMOKER3,RESP071,"(34.74865012400045, -92.27449074299966)"
2014,CA,California,Tobacco Use,Smoker Status,Four Level Smoking Status (variable calculated from one or more BRFSS questions),Smoke everyday,Overall,Overall,610,7.7,7,8.4,"2,754",%,Crude Prevalence,,,BRFSS,CLASS17,Topic55,06,BO1,CAT1,_SMOKER3,RESP068,"(37.63864012300047, -120.99999953799971)"
2014,CA,California,Tobacco Use,Smoker Status,Four Level Smoking Status (variable calculated from one or more BRFSS questions),Smoke some days,Overall,Overall,352,5.2,4.5,5.8,"2,755",%,Crude Prevalence,,,BRFSS,CLASS17,Topic55,06,BO1,CAT1,_SMOKER3,RESP069,"(37.63864012300047, -120.99999953799971)"
2014,CA,California,Tobacco Use,Smoker Status,Four Level Smoking Status (variable calculated from one or more BRFSS questions),Former smoker,Overall,Overall,"2,175",22.8,21.7,23.9,"2,756",%,Crude Prevalence,,,BRFSS,CLASS17,Topic55,06,BO1,CAT1,_SMOKER3,RESP070,"(37.63864012300047, -120.99999953799971)"
2014,CA,California,Tobacco Use,Smoker Status,Four Level Smoking Status (variable calculated from one or more BRFSS questions),Never smoked,Overall,Overall,"5,058",64.3,63,65.7,"2,757",%,Crude Prevalence,,,BRFSS,CLASS17,Topic55,06,BO1,CAT1,_SMOKER3,RESP071,"(37.63864012300047, -120.99999953799971)"
2014,CO,Colorado,Tobacco Use,Smoker Status,Four Level Smoking Status (variable calculated from one or more BRFSS questions),Smoke everyday,Overall,Overall,"1,094",10.7,10,11.4,"2,751",%,Crude Prevalence,,,BRFSS,CLASS17,Topic55,08,BO1,CAT1,_SMOKER3,RESP068,"(38.843840757000464, -106.13361092099967)"
2014,CO,Colorado,Tobacco Use,Smoker Status,Four Level Smoking Status (variable calculated from one or more BRFSS questions),Smoke some days,Overall,Overall,492,5,4.4,5.6,"2,752",%,Crude Prevalence,,,BRFSS,CLASS17,Topic55,08,BO1,CAT1,_SMOKER3,RESP069,"(38.843840757000464, -106.13361092099967)"
2014,CO,Colorado,Tobacco Use,Smoker Status,Four Level Smoking Status (variable calculated from one or more BRFSS questions),Former smoker,Overall,Overall,"3,712",26.5,25.5,27.5,"2,753",%,Crude Prevalence,,,BRFSS,CLASS17,Topic55,08,BO1,CAT1,_SMOKER3,RESP070,"(38.843840757000464, -106.13361092099967)"
2014,CO,Colorado,Tobacco Use,Smoker Status,Four Level Smoking Status (variable calculated from one or more BRFSS questions),Never smoked,Overall,Overall,"6,955",57.8,56.6,58.9,"2,754",%,Crude Prevalence,,,BRFSS,CLASS17,Topic55,08,BO1,CAT1,_SMOKER3,RESP071,"(38.843840757000464, -106.13361092099967)"
2014,CT,Connecticut,Tobacco Use,Smoker Status,Four Level Smoking Status (variable calculated from one or more BRFSS questions),Smoke everyday,Overall,Overall,592,10.2,9.1,11.3,"2,740",%,Crude Prevalence,,,BRFSS,CLASS17,Topic55,09,BO1,CAT1,_SMOKER3,RESP068,"(41.56266102000046, -72.64984095199964)"
2014,CT,Connecticut,Tobacco Use,Smoker Status,Four Level Smoking Status (variable calculated from one or more BRFSS questions),Smoke some days,Overall,Overall,305,5.2,4.5,6,"2,741",%,Crude Prevalence,,,BRFSS,CLASS17,Topic55,09,BO1,CAT1,_SMOKER3,RESP069,"(41.56266102000046, -72.64984095199964)"
2014,CT,Connecticut,Tobacco Use,Smoker Status,Four Level Smoking Status (variable calculated from one or more BRFSS questions),Former smoker,Overall,Overall,"2,502",27.7,26.3,29,"2,742",%,Crude Prevalence,,,BRFSS,CLASS17,Topic55,09,BO1,CAT1,_SMOKER3,RESP070,"(41.56266102000046, -72.64984095199964)"
2014,CT,Connecticut,Tobacco Use,Smoker Status,Four Level Smoking Status (variable calculated from one or more BRFSS questions),Never smoked,Overall,Overall,"4,048",56.9,55.3,58.5,"2,743",%,Crude Prevalence,,,BRFSS,CLASS17,Topic55,09,BO1,CAT1,_SMOKER3,RESP071,"(41.56266102000046, -72.64984095199964)"
2014,DE,Delaware,Tobacco Use,Smoker Status,Four Level Smoking Status (variable calculated from one or more BRFSS questions),Smoke everyday,Overall,Overall,483,14.7,13,16.4,"2,742",%,Crude Prevalence,,,BRFSS,CLASS17,Topic55,10,BO1,CAT1,_SMOKER3,RESP068,"(39.008830667000495, -75.57774116799965)"
2014,DE,Delaware,Tobacco Use,Smoker Status,Four Level Smoking Status (variable calculated from one or more BRFSS questions),Smoke some days,Overall,Overall,172,5.2,4.1,6.2,"2,743",%,Crude Prevalence,,,BRFSS,CLASS17,Topic55,10,BO1,CAT1,_SMOKER3,RESP069,"(39.008830667000495, -75.57774116799965)"
2014,DE,Delaware,Tobacco Use,Smoker Status,Four Level Smoking Status (variable calculated from one or more BRFSS questions),Former smoker,Overall,Overall,"1,277",24.6,22.9,26.3,"2,744",%,Crude Prevalence,,,BRFSS,CLASS17,Topic55,10,BO1,CAT1,_SMOKER3,RESP070,"(39.008830667000495, -75.57774116799965)"
2014,DE,Delaware,Tobacco Use,Smoker Status,Four Level Smoking Status (variable calculated from one or more BRFSS questions),Never smoked,Overall,Overall,"2,216",55.5,53.3,57.7,"2,745",%,Crude Prevalence,,,BRFSS,CLASS17,Topic55,10,BO1,CAT1,_SMOKER3,RESP071,"(39.008830667000495, -75.57774116799965)"
2014,DC,District of Columbia,Tobacco Use,Smoker Status,Four Level Smoking Status (variable calculated from one or more BRFSS questions),Smoke everyday,Overall,Overall,291,10,8.3,11.8,"2,732",%,Crude Prevalence,,,BRFSS,CLASS17,Topic55,11,BO1,CAT1,_SMOKER3,RESP068,"(38.89037138500049, -77.03196112699965)"
2014,DC,District of Columbia,Tobacco Use,Smoker Status,Four Level Smoking Status (variable calculated from one or more BRFSS questions),Smoke some days,Overall,Overall,193,6.3,4.9,7.8,"2,733",%,Crude Prevalence,,,BRFSS,CLASS17,Topic55,11,BO1,CAT1,_SMOKER3,RESP069,"(38.89037138500049, -77.03196112699965)"
2014,DC,District of Columbia,Tobacco Use,Smoker Status,Four Level Smoking Status (variable calculated from one or more BRFSS questions),Former smoker,Overall,Overall,"1,093",19.1,17.2,20.9,"2,734",%,Crude Prevalence,,,BRFSS,CLASS17,Topic55,11,BO1,CAT1,_SMOKER3,RESP070,"(38.89037138500049, -77.03196112699965)"
2014,DC,District of Columbia,Tobacco Use,Smoker Status,Four Level Smoking Status (variable calculated from one or more BRFSS questions),Never smoked,Overall,Overall,"2,255",64.6,62,67.1,"2,735",%,Crude Prevalence,,,BRFSS,CLASS17,Topic55,11,BO1,CAT1,_SMOKER3,RESP071,"(38.89037138500049, -77.03196112699965)"
2014,FL,Florida,Tobacco Use,Smoker Status,Four Level Smoking Status (variable calculated from one or more BRFSS questions),Smoke everyday,Overall,Overall,884,11.6,10.6,12.5,"2,753",%,Crude Prevalence,,,BRFSS,CLASS17,Topic55,12,BO1,CAT1,_SMOKER3,RESP068,"(28.932040377000476, -81.92896053899966)"
2014,FL,Florida,Tobacco Use,Smoker Status,Four Level Smoking Status (variable calculated from one or more BRFSS questions),Smoke some days,Overall,Overall,387,6.1,5.3,6.8,"2,754",%,Crude Prevalence,,,BRFSS,CLASS17,Topic55,12,BO1,CAT1,_SMOKER3,RESP069,"(28.932040377000476, -81.92896053899966)"
2014,FL,Florida,Tobacco Use,Smoker Status,Four Level Smoking Status (variable calculated from one or more BRFSS questions),Former smoker,Overall,Overall,"3,172",27.8,26.6,29,"2,755",%,Crude Prevalence,,,BRFSS,CLASS17,Topic55,12,BO1,CAT1,_SMOKER3,RESP070,"(28.932040377000476, -81.92896053899966)"
2014,FL,Florida,Tobacco Use,Smoker Status,Four Level Smoking Status (variable calculated from one or more BRFSS questions),Never smoked,Overall,Overall,"4,764",54.6,53.1,56,"2,756",%,Crude Prevalence,,,BRFSS,CLASS17,Topic55,12,BO1,CAT1,_SMOKER3,RESP071,"(28.932040377000476, -81.92896053899966)"
2014,GA,Georgia,Tobacco Use,Smoker Status,Four Level Smoking Status (variable calculated from one or more BRFSS questions),Smoke everyday,Overall,Overall,599,12.4,11.1,13.6,"2,748",%,Crude Prevalence,,,BRFSS,CLASS17,Topic55,13,BO1,CAT1,_SMOKER3,RESP068,"(32.83968109300048, -83.62758034599966)"
2014,GA,Georgia,Tobacco Use,Smoker Status,Four Level Smoking Status (variable calculated from one or more BRFSS questions),Smoke some days,Overall,Overall,244,5,4.2,5.9,"2,749",%,Crude Prevalence,,,BRFSS,CLASS17,Topic55,13,BO1,CAT1,_SMOKER3,RESP069,"(32.83968109300048, -83.62758034599966)"
2014,GA,Georgia,Tobacco Use,Smoker Status,Four Level Smoking Status (variable calculated from one or more BRFSS questions),Former smoker,Overall,Overall,"1,599",22.4,21.1,23.8,"2,750",%,Crude Prevalence,,,BRFSS,CLASS17,Topic55,13,BO1,CAT1,_SMOKER3,RESP070,"(32.83968109300048, -83.62758034599966)"
2014,GA,Georgia,Tobacco Use,Smoker Status,Four Level Smoking Status (variable calculated from one or more BRFSS questions),Never smoked,Overall,Overall,"3,510",60.2,58.5,62,"2,751",%,Crude Prevalence,,,BRFSS,CLASS17,Topic55,13,BO1,CAT1,_SMOKER3,RESP071,"(32.83968109300048, -83.62758034599966)"
2014,HI,Hawaii,Tobacco Use,Smoker Status,Four Level Smoking Status (variable calculated from one or more BRFSS questions),Smoke everyday,Overall,Overall,646,9.6,8.7,10.6,"2,752",%,Crude Prevalence,,,BRFSS,CLASS17,Topic55,15,BO1,CAT1,_SMOKER3,RESP068,"(21.304850435000446, -157.85774940299973)"
2014,HI,Hawaii,Tobacco Use,Smoker Status,Four Level Smoking Status (variable calculated from one or more BRFSS questions),Smoke some days,Overall,Overall,279,4.5,3.8,5.2,"2,753",%,Crude Prevalence,,,BRFSS,CLASS17,Topic55,15,BO1,CAT1,_SMOKER3,RESP069,"(21.304850435000446, -157.85774940299973)"
2014,HI,Hawaii,Tobacco Use,Smoker Status,Four Level Smoking Status (variable calculated from one or more BRFSS questions),Former smoker,Overall,Overall,"2,023",25.9,24.5,27.4,"2,754",%,Crude Prevalence,,,BRFSS,CLASS17,Topic55,15,BO1,CAT1,_SMOKER3,RESP070,"(21.304850435000446, -157.85774940299973)"
2014,HI,Hawaii,Tobacco Use,Smoker Status,Four Level Smoking Status (variable calculated from one or more BRFSS questions),Never smoked,Overall,Overall,"3,942",59.9,58.3,61.6,"2,755",%,Crude Prevalence,,,BRFSS,CLASS17,Topic55,15,BO1,CAT1,_SMOKER3,RESP071,"(21.304850435000446, -157.85774940299973)"
2014,ID,Idaho,Tobacco Use,Smoker Status,Four Level Smoking Status (variable calculated from one or more BRFSS questions),Smoke everyday,Overall,Overall,541,11.1,9.8,12.3,"2,731",%,Crude Prevalence,,,BRFSS,CLASS17,Topic55,16,BO1,CAT1,_SMOKER3,RESP068,"(43.682630005000476, -114.3637300419997)"
2014,ID,Idaho,Tobacco Use,Smoker Status,Four Level Smoking Status (variable calculated from one or more BRFSS questions),Smoke some days,Overall,Overall,212,4.8,3.9,5.7,"2,732",%,Crude Prevalence,,,BRFSS,CLASS17,Topic55,16,BO1,CAT1,_SMOKER3,RESP069,"(43.682630005000476, -114.3637300419997)"
2014,ID,Idaho,Tobacco Use,Smoker Status,Four Level Smoking Status (variable calculated from one or more BRFSS questions),Former smoker,Overall,Overall,"1,407",23.9,22.3,25.5,"2,733",%,Crude Prevalence,,,BRFSS,CLASS17,Topic55,16,BO1,CAT1,_SMOKER3,RESP070,"(43.682630005000476, -114.3637300419997)"
2014,ID,Idaho,Tobacco Use,Smoker Status,Four Level Smoking Status (variable calculated from one or more BRFSS questions),Never smoked,Overall,Overall,"3,097",60.2,58.3,62.1,"2,734",%,Crude Prevalence,,,BRFSS,CLASS17,Topic55,16,BO1,CAT1,_SMOKER3,RESP071,"(43.682630005000476, -114.3637300419997)"
2014,IL,Illinois,Tobacco Use,Smoker Status,Four Level Smoking Status (variable calculated from one or more BRFSS questions),Smoke everyday,Overall,Overall,440,11.3,10,12.5,"2,743",%,Crude Prevalence,,,BRFSS,CLASS17,Topic55,17,BO1,CAT1,_SMOKER3,RESP068,"(40.48501028300046, -88.99771017799969)"
2014,IL,Illinois,Tobacco Use,Smoker Status,Four Level Smoking Status (variable calculated from one or more BRFSS questions),Smoke some days,Overall,Overall,211,5.2,4.4,6.1,"2,744",%,Crude Prevalence,,,BRFSS,CLASS17,Topic55,17,BO1,CAT1,_SMOKER3,RESP069,"(40.48501028300046, -88.99771017799969)"
2014,IL,Illinois,Tobacco Use,Smoker Status,Four Level Smoking Status (variable calculated from one or more BRFSS questions),Former smoker,Overall,Overall,"1,410",24,22.5,25.5,"2,745",%,Crude Prevalence,,,BRFSS,CLASS17,Topic55,17,BO1,CAT1,_SMOKER3,RESP070,"(40.48501028300046, -88.99771017799969)"
2014,IL,Illinois,Tobacco Use,Smoker Status,Four Level Smoking Status (variable calculated from one or more BRFSS questions),Never smoked,Overall,Overall,"2,783",59.5,57.7,61.3,"2,746",%,Crude Prevalence,,,BRFSS,CLASS17,Topic55,17,BO1,CAT1,_SMOKER3,RESP071,"(40.48501028300046, -88.99771017799969)"
2014,IN,Indiana,Tobacco Use,Smoker Status,Four Level Smoking Status (variable calculated from one or more BRFSS questions),Smoke everyday,Overall,Overall,"1,426",16.9,15.9,17.9,"2,749",%,Crude Prevalence,,,BRFSS,CLASS17,Topic55,18,BO1,CAT1,_SMOKER3,RESP068,"(39.766910452000445, -86.14996019399968)"
2014,IN,Indiana,Tobacco Use,Smoker Status,Four Level Smoking Status (variable calculated from one or more BRFSS questions),Smoke some days,Overall,Overall,504,6,5.4,6.7,"2,750",%,Crude Prevalence,,,BRFSS,CLASS17,Topic55,18,BO1,CAT1,_SMOKER3,RESP069,"(39.766910452000445, -86.14996019399968)"
2014,IN,Indiana,Tobacco Use,Smoker Status,Four Level Smoking Status (variable calculated from one or more BRFSS questions),Former smoker,Overall,Overall,"3,118",24.1,23,25.1,"2,751",%,Crude Prevalence,,,BRFSS,CLASS17,Topic55,18,BO1,CAT1,_SMOKER3,RESP070,"(39.766910452000445, -86.14996019399968)"
2014,IN,Indiana,Tobacco Use,Smoker Status,Four Level Smoking Status (variable calculated from one or more BRFSS questions),Never smoked,Overall,Overall,"5,930",53,51.8,54.3,"2,752",%,Crude Prevalence,,,BRFSS,CLASS17,Topic55,18,BO1,CAT1,_SMOKER3,RESP071,"(39.766910452000445, -86.14996019399968)"
2014,IA,Iowa,Tobacco Use,Smoker Status,Four Level Smoking Status (variable calculated from one or more BRFSS questions),Smoke everyday,Overall,Overall,894,13.7,12.7,14.8,"2,747",%,Crude Prevalence,,,BRFSS,CLASS17,Topic55,19,BO1,CAT1,_SMOKER3,RESP068,"(42.46940091300047, -93.81649055599968)"
2014,IA,Iowa,Tobacco Use,Smoker Status,Four Level Smoking Status (variable calculated from one or more BRFSS questions),Smoke some days,Overall,Overall,271,4.8,4,5.5,"2,748",%,Crude Prevalence,,,BRFSS,CLASS17,Topic55,19,BO1,CAT1,_SMOKER3,RESP069,"(42.46940091300047, -93.81649055599968)"
2014,IA,Iowa,Tobacco Use,Smoker Status,Four Level Smoking Status (variable calculated from one or more BRFSS questions),Former smoker,Overall,Overall,"2,211",25.7,24.4,26.9,"2,749",%,Crude Prevalence,,,BRFSS,CLASS17,Topic55,19,BO1,CAT1,_SMOKER3,RESP070,"(42.46940091300047, -93.81649055599968)"
2014,IA,Iowa,Tobacco Use,Smoker Status,Four Level Smoking Status (variable calculated from one or more BRFSS questions),Never smoked,Overall,Overall,"4,375",55.9,54.4,57.3,"2,750",%,Crude Prevalence,,,BRFSS,CLASS17,Topic55,19,BO1,CAT1,_SMOKER3,RESP071,"(42.46940091300047, -93.81649055599968)"
2014,KS,Kansas,Tobacco Use,Smoker Status,Four Level Smoking Status (variable calculated from one or more BRFSS questions),Smoke everyday,Overall,Overall,"1,501",13.1,12.4,13.9,"2,755",%,Crude Prevalence,,,BRFSS,CLASS17,Topic55,20,BO1,CAT1,_SMOKER3,RESP068,"(38.34774030000045, -98.20078122699965)"
2014,KS,Kansas,Tobacco Use,Smoker Status,Four Level Smoking Status (variable calculated from one or more BRFSS questions),Smoke some days,Overall,Overall,535,5,4.5,5.5,"2,756",%,Crude Prevalence,,,BRFSS,CLASS17,Topic55,20,BO1,CAT1,_SMOKER3,RESP069,"(38.34774030000045, -98.20078122699965)"
2014,KS,Kansas,Tobacco Use,Smoker Status,Four Level Smoking Status (variable calculated from one or more BRFSS questions),Former smoker,Overall,Overall,"3,519",23.6,22.8,24.5,"2,757",%,Crude Prevalence,,,BRFSS,CLASS17,Topic55,20,BO1,CAT1,_SMOKER3,RESP070,"(38.34774030000045, -98.20078122699965)"
2014,KS,Kansas,Tobacco Use,Smoker Status,Four Level Smoking Status (variable calculated from one or more BRFSS questions),Never smoked,Overall,Overall,"7,608",58.3,57.2,59.3,"2,758",%,Crude Prevalence,,,BRFSS,CLASS17,Topic55,20,BO1,CAT1,_SMOKER3,RESP071,"(38.34774030000045, -98.20078122699965)"
2014,KY,Kentucky,Tobacco Use,Smoker Status,Four Level Smoking Status (variable calculated from one or more BRFSS questions),Smoke everyday,Overall,Overall,"1,744",20.4,19.1,21.8,"2,750",%,Crude Prevalence,,,BRFSS,CLASS17,Topic55,21,BO1,CAT1,_SMOKER3,RESP068,"(37.645970271000465, -84.77497104799966)"
2014,KY,Kentucky,Tobacco Use,Smoker Status,Four Level Smoking Status (variable calculated from one or more BRFSS questions),Smoke some days,Overall,Overall,534,5.7,4.9,6.6,"2,751",%,Crude Prevalence,,,BRFSS,CLASS17,Topic55,21,BO1,CAT1,_SMOKER3,RESP069,"(37.645970271000465, -84.77497104799966)"
2014,KY,Kentucky,Tobacco Use,Smoker Status,Four Level Smoking Status (variable calculated from one or more BRFSS questions),Former smoker,Overall,Overall,"3,105",25.5,24.2,26.8,"2,752",%,Crude Prevalence,,,BRFSS,CLASS17,Topic55,21,BO1,CAT1,_SMOKER3,RESP070,"(37.645970271000465, -84.77497104799966)"
2014,KY,Kentucky,Tobacco Use,Smoker Status,Four Level Smoking Status (variable calculated from one or more BRFSS questions),Never smoked,Overall,Overall,"5,384",48.4,46.8,49.9,"2,753",%,Crude Prevalence,,,BRFSS,CLASS17,Topic55,21,BO1,CAT1,_SMOKER3,RESP071,"(37.645970271000465, -84.77497104799966)"
2014,LA,Louisiana,Tobacco Use,Smoker Status,Four Level Smoking Status (variable calculated from one or more BRFSS questions),Smoke everyday,Overall,Overall,938,16.8,15.6,18,"2,750",%,Crude Prevalence,,,BRFSS,CLASS17,Topic55,22,BO1,CAT1,_SMOKER3,RESP068,"(31.31266064400046, -92.44568007099969)"
2014,LA,Louisiana,Tobacco Use,Smoker Status,Four Level Smoking Status (variable calculated from one or more BRFSS questions),Smoke some days,Overall,Overall,381,7.2,6.4,8.1,"2,751",%,Crude Prevalence,,,BRFSS,CLASS17,Topic55,22,BO1,CAT1,_SMOKER3,RESP069,"(31.31266064400046, -92.44568007099969)"
2014,LA,Louisiana,Tobacco Use,Smoker Status,Four Level Smoking Status (variable calculated from one or more BRFSS questions),Former smoker,Overall,Overall,"1,658",22.2,20.9,23.4,"2,752",%,Crude Prevalence,,,BRFSS,CLASS17,Topic55,22,BO1,CAT1,_SMOKER3,RESP070,"(31.31266064400046, -92.44568007099969)"
2014,LA,Louisiana,Tobacco Use,Smoker Status,Four Level Smoking Status (variable calculated from one or more BRFSS questions),Never smoked,Overall,Overall,"3,537",53.8,52.3,55.4,"2,753",%,Crude Prevalence,,,BRFSS,CLASS17,Topic55,22,BO1,CAT1,_SMOKER3,RESP071,"(31.31266064400046, -92.44568007099969)"
2014,ME,Maine,Tobacco Use,Smoker Status,Four Level Smoking Status (variable calculated from one or more BRFSS questions),Smoke everyday,Overall,Overall,"1,008",14.7,13.6,15.8,"2,739",%,Crude Prevalence,,,BRFSS,CLASS17,Topic55,23,BO1,CAT1,_SMOKER3,RESP068,"(45.254228894000505, -68.98503133599962)"
2014,ME,Maine,Tobacco Use,Smoker Status,Four Level Smoking Status (variable calculated from one or more BRFSS questions),Smoke some days,Overall,Overall,314,4.6,4,5.3,"2,740",%,Crude Prevalence,,,BRFSS,CLASS17,Topic55,23,BO1,CAT1,_SMOKER3,RESP069,"(45.254228894000505, -68.98503133599962)"
2014,ME,Maine,Tobacco Use,Smoker Status,Four Level Smoking Status (variable calculated from one or more BRFSS questions),Former smoker,Overall,Overall,"3,155",32,30.7,33.3,"2,741",%,Crude Prevalence,,,BRFSS,CLASS17,Topic55,23,BO1,CAT1,_SMOKER3,RESP070,"(45.254228894000505, -68.98503133599962)"
2014,ME,Maine,Tobacco Use,Smoker Status,Four Level Smoking Status (variable calculated from one or more BRFSS questions),Never smoked,Overall,Overall,"4,331",48.7,47.3,50.1,"2,742",%,Crude Prevalence,,,BRFSS,CLASS17,Topic55,23,BO1,CAT1,_SMOKER3,RESP071,"(45.254228894000505, -68.98503133599962)"
2014,MD,Maryland,Tobacco Use,Smoker Status,Four Level Smoking Status (variable calculated from one or more BRFSS questions),Smoke everyday,Overall,Overall,985,10,8.9,11.1,"2,755",%,Crude Prevalence,,,BRFSS,CLASS17,Topic55,24,BO1,CAT1,_SMOKER3,RESP068,"(39.29058096400047, -76.60926011099963)"
2014,MD,Maryland,Tobacco Use,Smoker Status,Four Level Smoking Status (variable calculated from one or more BRFSS questions),Smoke some days,Overall,Overall,440,4.6,3.9,5.4,"2,756",%,Crude Prevalence,,,BRFSS,CLASS17,Topic55,24,BO1,CAT1,_SMOKER3,RESP069,"(39.29058096400047, -76.60926011099963)"
2014,MD,Maryland,Tobacco Use,Smoker Status,Four Level Smoking Status (variable calculated from one or more BRFSS questions),Former smoker,Overall,Overall,"3,607",22.6,21.3,23.8,"2,757",%,Crude Prevalence,,,BRFSS,CLASS17,Topic55,24,BO1,CAT1,_SMOKER3,RESP070,"(39.29058096400047, -76.60926011099963)"
2014,MD,Maryland,Tobacco Use,Smoker Status,Four Level Smoking Status (variable calculated from one or more BRFSS questions),Never smoked,Overall,Overall,"7,094",62.8,61.2,64.4,"2,758",%,Crude Prevalence,,,BRFSS,CLASS17,Topic55,24,BO1,CAT1,_SMOKER3,RESP071,"(39.29058096400047, -76.60926011099963)"
2014,MA,Massachusetts,Tobacco Use,Smoker Status,Four Level Smoking Status (variable calculated from one or more BRFSS questions),Smoke everyday,Overall,Overall,"1,319",10,9.2,10.9,"2,755",%,Crude Prevalence,,,BRFSS,CLASS17,Topic55,25,BO1,CAT1,_SMOKER3,RESP068,"(42.27687047000046, -72.08269067499964)"
2014,MA,Massachusetts,Tobacco Use,Smoker Status,Four Level Smoking Status (variable calculated from one or more BRFSS questions),Smoke some days,Overall,Overall,593,4.7,4.1,5.3,"2,756",%,Crude Prevalence,,,BRFSS,CLASS17,Topic55,25,BO1,CAT1,_SMOKER3,RESP069,"(42.27687047000046, -72.08269067499964)"
2014,MA,Massachusetts,Tobacco Use,Smoker Status,Four Level Smoking Status (variable calculated from one or more BRFSS questions),Former smoker,Overall,Overall,"4,917",26.8,25.8,27.9,"2,757",%,Crude Prevalence,,,BRFSS,CLASS17,Topic55,25,BO1,CAT1,_SMOKER3,RESP070,"(42.27687047000046, -72.08269067499964)"
2014,MA,Massachusetts,Tobacco Use,Smoker Status,Four Level Smoking Status (variable calculated from one or more BRFSS questions),Never smoked,Overall,Overall,"7,857",58.5,57.2,59.7,"2,758",%,Crude Prevalence,,,BRFSS,CLASS17,Topic55,25,BO1,CAT1,_SMOKER3,RESP071,"(42.27687047000046, -72.08269067499964)"
2014,MI,Michigan,Tobacco Use,Smoker Status,Four Level Smoking Status (variable calculated from one or more BRFSS questions),Smoke everyday,Overall,Overall,920,15.6,14.5,16.8,"2,756",%,Crude Prevalence,,,BRFSS,CLASS17,Topic55,26,BO1,CAT1,_SMOKER3,RESP068,"(44.6613195430005, -84.71439026999968)"
2014,MI,Michigan,Tobacco Use,Smoker Status,Four Level Smoking Status (variable calculated from one or more BRFSS questions),Smoke some days,Overall,Overall,375,5.6,4.9,6.3,"2,757",%,Crude Prevalence,,,BRFSS,CLASS17,Topic55,26,BO1,CAT1,_SMOKER3,RESP069,"(44.6613195430005, -84.71439026999968)"
2014,MI,Michigan,Tobacco Use,Smoker Status,Four Level Smoking Status (variable calculated from one or more BRFSS questions),Former smoker,Overall,Overall,"2,551",26.7,25.5,27.8,"2,758",%,Crude Prevalence,,,BRFSS,CLASS17,Topic55,26,BO1,CAT1,_SMOKER3,RESP070,"(44.6613195430005, -84.71439026999968)"
2014,MI,Michigan,Tobacco Use,Smoker Status,Four Level Smoking Status (variable calculated from one or more BRFSS questions),Never smoked,Overall,Overall,"4,385",52.2,50.8,53.5,"2,759",%,Crude Prevalence,,,BRFSS,CLASS17,Topic55,26,BO1,CAT1,_SMOKER3,RESP071,"(44.6613195430005, -84.71439026999968)"
2014,MN,Minnesota,Tobacco Use,Smoker Status,Four Level Smoking Status (variable calculated from one or more BRFSS questions),Smoke everyday,Overall,Overall,"1,623",11.4,10.8,12.1,"2,757",%,Crude Prevalence,,,BRFSS,CLASS17,Topic55,27,BO1,CAT1,_SMOKER3,RESP068,"(46.35564873600049, -94.79420050299967)"
2014,MN,Minnesota,Tobacco Use,Smoker Status,Four Level Smoking Status (variable calculated from one or more BRFSS questions),Smoke some days,Overall,Overall,688,4.9,4.5,5.3,"2,758",%,Crude Prevalence,,,BRFSS,CLASS17,Topic55,27,BO1,CAT1,_SMOKER3,RESP069,"(46.35564873600049, -94.79420050299967)"
2014,MN,Minnesota,Tobacco Use,Smoker Status,Four Level Smoking Status (variable calculated from one or more BRFSS questions),Former smoker,Overall,Overall,"4,651",26.7,25.9,27.5,"2,759",%,Crude Prevalence,,,BRFSS,CLASS17,Topic55,27,BO1,CAT1,_SMOKER3,RESP070,"(46.35564873600049, -94.79420050299967)"
2014,MN,Minnesota,Tobacco Use,Smoker Status,Four Level Smoking Status (variable calculated from one or more BRFSS questions),Never smoked,Overall,Overall,"8,880",57.1,56.1,58,"2,760",%,Crude Prevalence,,,BRFSS,CLASS17,Topic55,27,BO1,CAT1,_SMOKER3,RESP071,"(46.35564873600049, -94.79420050299967)"
2014,MS,Mississippi,Tobacco Use,Smoker Status,Four Level Smoking Status (variable calculated from one or more BRFSS questions),Smoke everyday,Overall,Overall,481,15.5,13.8,17.1,"2,722",%,Crude Prevalence,,,BRFSS,CLASS17,Topic55,28,BO1,CAT1,_SMOKER3,RESP068,"(32.745510099000455, -89.53803082499968)"
2014,MS,Mississippi,Tobacco Use,Smoker Status,Four Level Smoking Status (variable calculated from one or more BRFSS questions),Smoke some days,Overall,Overall,223,7.5,6.2,8.8,"2,723",%,Crude Prevalence,,,BRFSS,CLASS17,Topic55,28,BO1,CAT1,_SMOKER3,RESP069,"(32.745510099000455, -89.53803082499968)"
2014,MS,Mississippi,Tobacco Use,Smoker Status,Four Level Smoking Status (variable calculated from one or more BRFSS questions),Former smoker,Overall,Overall,994,21.9,20.2,23.6,"2,724",%,Crude Prevalence,,,BRFSS,CLASS17,Topic55,28,BO1,CAT1,_SMOKER3,RESP070,"(32.745510099000455, -89.53803082499968)"
2014,MS,Mississippi,Tobacco Use,Smoker Status,Four Level Smoking Status (variable calculated from one or more BRFSS questions),Never smoked,Overall,Overall,"2,375",55.2,53,57.3,"2,725",%,Crude Prevalence,,,BRFSS,CLASS17,Topic55,28,BO1,CAT1,_SMOKER3,RESP071,"(32.745510099000455, -89.53803082499968)"
2014,MO,Missouri,Tobacco Use,Smoker Status,Four Level Smoking Status (variable calculated from one or more BRFSS questions),Smoke everyday,Overall,Overall,937,15.8,14.5,17.1,"2,749",%,Crude Prevalence,,,BRFSS,CLASS17,Topic55,29,BO1,CAT1,_SMOKER3,RESP068,"(38.635790776000476, -92.56630005299968)"
2014,MO,Missouri,Tobacco Use,Smoker Status,Four Level Smoking Status (variable calculated from one or more BRFSS questions),Smoke some days,Overall,Overall,283,4.8,4,5.6,"2,750",%,Crude Prevalence,,,BRFSS,CLASS17,Topic55,29,BO1,CAT1,_SMOKER3,RESP069,"(38.635790776000476, -92.56630005299968)"
2014,MO,Missouri,Tobacco Use,Smoker Status,Four Level Smoking Status (variable calculated from one or more BRFSS questions),Former smoker,Overall,Overall,"1,974",24.4,23,25.9,"2,751",%,Crude Prevalence,,,BRFSS,CLASS17,Topic55,29,BO1,CAT1,_SMOKER3,RESP070,"(38.635790776000476, -92.56630005299968)"
2014,MO,Missouri,Tobacco Use,Smoker Status,Four Level Smoking Status (variable calculated from one or more BRFSS questions),Never smoked,Overall,Overall,"3,638",55,53.2,56.7,"2,752",%,Crude Prevalence,,,BRFSS,CLASS17,Topic55,29,BO1,CAT1,_SMOKER3,RESP071,"(38.635790776000476, -92.56630005299968)"
2014,MT,Montana,Tobacco Use,Smoker Status,Four Level Smoking Status (variable calculated from one or more BRFSS questions),Smoke everyday,Overall,Overall,859,14,12.7,15.2,"2,735",%,Crude Prevalence,,,BRFSS,CLASS17,Topic55,30,BO1,CAT1,_SMOKER3,RESP068,"(47.06652897200047, -109.42442064499971)"
2014,MT,Montana,Tobacco Use,Smoker Status,Four Level Smoking Status (variable calculated from one or more BRFSS questions),Smoke some days,Overall,Overall,352,6,5.1,6.9,"2,736",%,Crude Prevalence,,,BRFSS,CLASS17,Topic55,30,BO1,CAT1,_SMOKER3,RESP069,"(47.06652897200047, -109.42442064499971)"
2014,MT,Montana,Tobacco Use,Smoker Status,Four Level Smoking Status (variable calculated from one or more BRFSS questions),Former smoker,Overall,Overall,"2,265",27.2,25.7,28.6,"2,737",%,Crude Prevalence,,,BRFSS,CLASS17,Topic55,30,BO1,CAT1,_SMOKER3,RESP070,"(47.06652897200047, -109.42442064499971)"
2014,MT,Montana,Tobacco Use,Smoker Status,Four Level Smoking Status (variable calculated from one or more BRFSS questions),Never smoked,Overall,Overall,"3,823",52.9,51.2,54.6,"2,738",%,Crude Prevalence,,,BRFSS,CLASS17,Topic55,30,BO1,CAT1,_SMOKER3,RESP071,"(47.06652897200047, -109.42442064499971)"
2014,NE,Nebraska,Tobacco Use,Smoker Status,Four Level Smoking Status (variable calculated from one or more BRFSS questions),Smoke everyday,Overall,Overall,"2,379",12.2,11.5,12.9,"2,755",%,Crude Prevalence,,,BRFSS,CLASS17,Topic55,31,BO1,CAT1,_SMOKER3,RESP068,"(41.6410409880005, -99.36572062299967)"
2014,NE,Nebraska,Tobacco Use,Smoker Status,Four Level Smoking Status (variable calculated from one or more BRFSS questions),Smoke some days,Overall,Overall,870,5.1,4.6,5.7,"2,756",%,Crude Prevalence,,,BRFSS,CLASS17,Topic55,31,BO1,CAT1,_SMOKER3,RESP069,"(41.6410409880005, -99.36572062299967)"
2014,NE,Nebraska,Tobacco Use,Smoker Status,Four Level Smoking Status (variable calculated from one or more BRFSS questions),Former smoker,Overall,Overall,"5,875",24.7,23.8,25.6,"2,757",%,Crude Prevalence,,,BRFSS,CLASS17,Topic55,31,BO1,CAT1,_SMOKER3,RESP070,"(41.6410409880005, -99.36572062299967)"
2014,NE,Nebraska,Tobacco Use,Smoker Status,Four Level Smoking Status (variable calculated from one or more BRFSS questions),Never smoked,Overall,Overall,"12,605",58,56.9,59.1,"2,758",%,Crude Prevalence,,,BRFSS,CLASS17,Topic55,31,BO1,CAT1,_SMOKER3,RESP071,"(41.6410409880005, -99.36572062299967)"
2014,NV,Nevada,Tobacco Use,Smoker Status,Four Level Smoking Status (variable calculated from one or more BRFSS questions),Smoke everyday,Overall,Overall,405,10.8,9.2,12.5,"2,745",%,Crude Prevalence,,,BRFSS,CLASS17,Topic55,32,BO1,CAT1,_SMOKER3,RESP068,"(39.493240390000494, -117.07184056399967)"
2014,NV,Nevada,Tobacco Use,Smoker Status,Four Level Smoking Status (variable calculated from one or more BRFSS questions),Smoke some days,Overall,Overall,158,6.1,4.8,7.5,"2,746",%,Crude Prevalence,,,BRFSS,CLASS17,Topic55,32,BO1,CAT1,_SMOKER3,RESP069,"(39.493240390000494, -117.07184056399967)"
2014,NV,Nevada,Tobacco Use,Smoker Status,Four Level Smoking Status (variable calculated from one or more BRFSS questions),Former smoker,Overall,Overall,"1,155",24,22.1,26,"2,747",%,Crude Prevalence,,,BRFSS,CLASS17,Topic55,32,BO1,CAT1,_SMOKER3,RESP070,"(39.493240390000494, -117.07184056399967)"
2014,NV,Nevada,Tobacco Use,Smoker Status,Four Level Smoking Status (variable calculated from one or more BRFSS questions),Never smoked,Overall,Overall,"1,933",59,56.5,61.5,"2,748",%,Crude Prevalence,,,BRFSS,CLASS17,Topic55,32,BO1,CAT1,_SMOKER3,RESP071,"(39.493240390000494, -117.07184056399967)"
2014,NH,New Hampshire,Tobacco Use,Smoker Status,Four Level Smoking Status (variable calculated from one or more BRFSS questions),Smoke everyday,Overall,Overall,606,13,11.6,14.3,"2,729",%,Crude Prevalence,,,BRFSS,CLASS17,Topic55,33,BO1,CAT1,_SMOKER3,RESP068,"(43.65595011300047, -71.50036091999965)"
2014,NH,New Hampshire,Tobacco Use,Smoker Status,Four Level Smoking Status (variable calculated from one or more BRFSS questions),Smoke some days,Overall,Overall,246,4.6,3.8,5.3,"2,730",%,Crude Prevalence,,,BRFSS,CLASS17,Topic55,33,BO1,CAT1,_SMOKER3,RESP069,"(43.65595011300047, -71.50036091999965)"
2014,NH,New Hampshire,Tobacco Use,Smoker Status,Four Level Smoking Status (variable calculated from one or more BRFSS questions),Former smoker,Overall,Overall,"2,010",30.1,28.5,31.8,"2,731",%,Crude Prevalence,,,BRFSS,CLASS17,Topic55,33,BO1,CAT1,_SMOKER3,RESP070,"(43.65595011300047, -71.50036091999965)"
2014,NH,New Hampshire,Tobacco Use,Smoker Status,Four Level Smoking Status (variable calculated from one or more BRFSS questions),Never smoked,Overall,Overall,"2,993",52.4,50.5,54.2,"2,732",%,Crude Prevalence,,,BRFSS,CLASS17,Topic55,33,BO1,CAT1,_SMOKER3,RESP071,"(43.65595011300047, -71.50036091999965)"
2014,NJ,New Jersey,Tobacco Use,Smoker Status,Four Level Smoking Status (variable calculated from one or more BRFSS questions),Smoke everyday,Overall,Overall,"1,087",9.5,8.7,10.3,"2,753",%,Crude Prevalence,,,BRFSS,CLASS17,Topic55,34,BO1,CAT1,_SMOKER3,RESP068,"(40.13057004800049, -74.27369128799967)"
2014,NJ,New Jersey,Tobacco Use,Smoker Status,Four Level Smoking Status (variable calculated from one or more BRFSS questions),Smoke some days,Overall,Overall,591,5.7,5,6.3,"2,754",%,Crude Prevalence,,,BRFSS,CLASS17,Topic55,34,BO1,CAT1,_SMOKER3,RESP069,"(40.13057004800049, -74.27369128799967)"
2014,NJ,New Jersey,Tobacco Use,Smoker Status,Four Level Smoking Status (variable calculated from one or more BRFSS questions),Former smoker,Overall,Overall,"3,578",24.3,23.2,25.4,"2,755",%,Crude Prevalence,,,BRFSS,CLASS17,Topic55,34,BO1,CAT1,_SMOKER3,RESP070,"(40.13057004800049, -74.27369128799967)"
2014,NJ,New Jersey,Tobacco Use,Smoker Status,Four Level Smoking Status (variable calculated from one or more BRFSS questions),Never smoked,Overall,Overall,"6,938",60.6,59.3,61.9,"2,756",%,Crude Prevalence,,,BRFSS,CLASS17,Topic55,34,BO1,CAT1,_SMOKER3,RESP071,"(40.13057004800049, -74.27369128799967)"
2014,NM,New Mexico,Tobacco Use,Smoker Status,Four Level Smoking Status (variable calculated from one or more BRFSS questions),Smoke everyday,Overall,Overall,870,12.7,11.4,13.9,"2,745",%,Crude Prevalence,,,BRFSS,CLASS17,Topic55,35,BO1,CAT1,_SMOKER3,RESP068,"(34.52088095200048, -106.24058098499967)"
2014,NM,New Mexico,Tobacco Use,Smoker Status,Four Level Smoking Status (variable calculated from one or more BRFSS questions),Smoke some days,Overall,Overall,452,6.5,5.6,7.4,"2,746",%,Crude Prevalence,,,BRFSS,CLASS17,Topic55,35,BO1,CAT1,_SMOKER3,RESP069,"(34.52088095200048, -106.24058098499967)"
2014,NM,New Mexico,Tobacco Use,Smoker Status,Four Level Smoking Status (variable calculated from one or more BRFSS questions),Former smoker,Overall,Overall,"2,476",25.5,24.1,26.8,"2,747",%,Crude Prevalence,,,BRFSS,CLASS17,Topic55,35,BO1,CAT1,_SMOKER3,RESP070,"(34.52088095200048, -106.24058098499967)"
2014,NM,New Mexico,Tobacco Use,Smoker Status,Four Level Smoking Status (variable calculated from one or more BRFSS questions),Never smoked,Overall,Overall,"4,567",55.4,53.7,57.1,"2,748",%,Crude Prevalence,,,BRFSS,CLASS17,Topic55,35,BO1,CAT1,_SMOKER3,RESP071,"(34.52088095200048, -106.24058098499967)"
2014,NY,New York,Tobacco Use,Smoker Status,Four Level Smoking Status (variable calculated from one or more BRFSS questions),Smoke everyday,Overall,Overall,549,9.5,8.5,10.4,"2,747",%,Crude Prevalence,,,BRFSS,CLASS17,Topic55,36,BO1,CAT1,_SMOKER3,RESP068,"(42.82700103200045, -75.54397042699964)"
2014,NY,New York,Tobacco Use,Smoker Status,Four Level Smoking Status (variable calculated from one or more BRFSS questions),Smoke some days,Overall,Overall,286,4.9,4.2,5.6,"2,748",%,Crude Prevalence,,,BRFSS,CLASS17,Topic55,36,BO1,CAT1,_SMOKER3,RESP069,"(42.82700103200045, -75.54397042699964)"
2014,NY,New York,Tobacco Use,Smoker Status,Four Level Smoking Status (variable calculated from one or more BRFSS questions),Former smoker,Overall,Overall,"1,853",23.6,22.4,24.8,"2,749",%,Crude Prevalence,,,BRFSS,CLASS17,Topic55,36,BO1,CAT1,_SMOKER3,RESP070,"(42.82700103200045, -75.54397042699964)"
2014,NY,New York,Tobacco Use,Smoker Status,Four Level Smoking Status (variable calculated from one or more BRFSS questions),Never smoked,Overall,Overall,"3,720",62,60.5,63.5,"2,750",%,Crude Prevalence,,,BRFSS,CLASS17,Topic55,36,BO1,CAT1,_SMOKER3,RESP071,"(42.82700103200045, -75.54397042699964)"
2014,NC,North Carolina,Tobacco Use,Smoker Status,Four Level Smoking Status (variable calculated from one or more BRFSS questions),Smoke everyday,Overall,Overall,784,13,12,14,"2,750",%,Crude Prevalence,,,BRFSS,CLASS17,Topic55,37,BO1,CAT1,_SMOKER3,RESP068,"(35.466220975000454, -79.15925046299964)"
2014,NC,North Carolina,Tobacco Use,Smoker Status,Four Level Smoking Status (variable calculated from one or more BRFSS questions),Smoke some days,Overall,Overall,381,6.1,5.4,6.8,"2,751",%,Crude Prevalence,,,BRFSS,CLASS17,Topic55,37,BO1,CAT1,_SMOKER3,RESP069,"(35.466220975000454, -79.15925046299964)"
2014,NC,North Carolina,Tobacco Use,Smoker Status,Four Level Smoking Status (variable calculated from one or more BRFSS questions),Former smoker,Overall,Overall,"1,977",24.4,23.2,25.6,"2,752",%,Crude Prevalence,,,BRFSS,CLASS17,Topic55,37,BO1,CAT1,_SMOKER3,RESP070,"(35.466220975000454, -79.15925046299964)"
2014,NC,North Carolina,Tobacco Use,Smoker Status,Four Level Smoking Status (variable calculated from one or more BRFSS questions),Never smoked,Overall,Overall,"3,840",56.5,55.1,58,"2,753",%,Crude Prevalence,,,BRFSS,CLASS17,Topic55,37,BO1,CAT1,_SMOKER3,RESP071,"(35.466220975000454, -79.15925046299964)"
2014,ND,North Dakota,Tobacco Use,Smoker Status,Four Level Smoking Status (variable calculated from one or more BRFSS questions),Smoke everyday,Overall,Overall,839,14.4,13,15.8,"2,710",%,Crude Prevalence,,,BRFSS,CLASS17,Topic55,38,BO1,CAT1,_SMOKER3,RESP068,"(47.47531977900047, -100.11842104899966)"
2014,ND,North Dakota,Tobacco Use,Smoker Status,Four Level Smoking Status (variable calculated from one or more BRFSS questions),Smoke some days,Overall,Overall,324,5.5,4.6,6.5,"2,711",%,Crude Prevalence,,,BRFSS,CLASS17,Topic55,38,BO1,CAT1,_SMOKER3,RESP069,"(47.47531977900047, -100.11842104899966)"
2014,ND,North Dakota,Tobacco Use,Smoker Status,Four Level Smoking Status (variable calculated from one or more BRFSS questions),Former smoker,Overall,Overall,"2,166",24.1,22.6,25.6,"2,712",%,Crude Prevalence,,,BRFSS,CLASS17,Topic55,38,BO1,CAT1,_SMOKER3,RESP070,"(47.47531977900047, -100.11842104899966)"
2014,ND,North Dakota,Tobacco Use,Smoker Status,Four Level Smoking Status (variable calculated from one or more BRFSS questions),Never smoked,Overall,Overall,"4,170",56,54.2,57.8,"2,713",%,Crude Prevalence,,,BRFSS,CLASS17,Topic55,38,BO1,CAT1,_SMOKER3,RESP071,"(47.47531977900047, -100.11842104899966)"
2014,OH,Ohio,Tobacco Use,Smoker Status,Four Level Smoking Status (variable calculated from one or more BRFSS questions),Smoke everyday,Overall,Overall,"1,378",15.6,14.4,16.8,"2,753",%,Crude Prevalence,,,BRFSS,CLASS17,Topic55,39,BO1,CAT1,_SMOKER3,RESP068,"(40.06021014100048, -82.40426005599966)"
2014,OH,Ohio,Tobacco Use,Smoker Status,Four Level Smoking Status (variable calculated from one or more BRFSS questions),Smoke some days,Overall,Overall,456,5.4,4.7,6.2,"2,754",%,Crude Prevalence,,,BRFSS,CLASS17,Topic55,39,BO1,CAT1,_SMOKER3,RESP069,"(40.06021014100048, -82.40426005599966)"
2014,OH,Ohio,Tobacco Use,Smoker Status,Four Level Smoking Status (variable calculated from one or more BRFSS questions),Former smoker,Overall,Overall,"2,911",25,23.8,26.3,"2,755",%,Crude Prevalence,,,BRFSS,CLASS17,Topic55,39,BO1,CAT1,_SMOKER3,RESP070,"(40.06021014100048, -82.40426005599966)"
2014,OH,Ohio,Tobacco Use,Smoker Status,Four Level Smoking Status (variable calculated from one or more BRFSS questions),Never smoked,Overall,Overall,"5,871",54,52.5,55.5,"2,756",%,Crude Prevalence,,,BRFSS,CLASS17,Topic55,39,BO1,CAT1,_SMOKER3,RESP071,"(40.06021014100048, -82.40426005599966)"
2014,OK,Oklahoma,Tobacco Use,Smoker Status,Four Level Smoking Status (variable calculated from one or more BRFSS questions),Smoke everyday,Overall,Overall,"1,030",15.1,14,16.2,"2,754",%,Crude Prevalence,,,BRFSS,CLASS17,Topic55,40,BO1,CAT1,_SMOKER3,RESP068,"(35.47203135600046, -97.52107021399968)"
2014,OK,Oklahoma,Tobacco Use,Smoker Status,Four Level Smoking Status (variable calculated from one or more BRFSS questions),Smoke some days,Overall,Overall,397,6,5.2,6.7,"2,755",%,Crude Prevalence,,,BRFSS,CLASS17,Topic55,40,BO1,CAT1,_SMOKER3,RESP069,"(35.47203135600046, -97.52107021399968)"
2014,OK,Oklahoma,Tobacco Use,Smoker Status,Four Level Smoking Status (variable calculated from one or more BRFSS questions),Former smoker,Overall,Overall,"2,404",26,24.8,27.1,"2,756",%,Crude Prevalence,,,BRFSS,CLASS17,Topic55,40,BO1,CAT1,_SMOKER3,RESP070,"(35.47203135600046, -97.52107021399968)"
2014,OK,Oklahoma,Tobacco Use,Smoker Status,Four Level Smoking Status (variable calculated from one or more BRFSS questions),Never smoked,Overall,Overall,"4,363",53,51.6,54.4,"2,757",%,Crude Prevalence,,,BRFSS,CLASS17,Topic55,40,BO1,CAT1,_SMOKER3,RESP071,"(35.47203135600046, -97.52107021399968)"
2014,OR,Oregon,Tobacco Use,Smoker Status,Four Level Smoking Status (variable calculated from one or more BRFSS questions),Smoke everyday,Overall,Overall,472,12.1,10.8,13.4,"2,742",%,Crude Prevalence,,,BRFSS,CLASS17,Topic55,41,BO1,CAT1,_SMOKER3,RESP068,"(44.56744942400047, -120.15503132599969)"
2014,OR,Oregon,Tobacco Use,Smoker Status,Four Level Smoking Status (variable calculated from one or more BRFSS questions),Smoke some days,Overall,Overall,195,4.8,4,5.6,"2,743",%,Crude Prevalence,,,BRFSS,CLASS17,Topic55,41,BO1,CAT1,_SMOKER3,RESP069,"(44.56744942400047, -120.15503132599969)"
2014,OR,Oregon,Tobacco Use,Smoker Status,Four Level Smoking Status (variable calculated from one or more BRFSS questions),Former smoker,Overall,Overall,"1,598",27.1,25.6,28.7,"2,744",%,Crude Prevalence,,,BRFSS,CLASS17,Topic55,41,BO1,CAT1,_SMOKER3,RESP070,"(44.56744942400047, -120.15503132599969)"
2014,OR,Oregon,Tobacco Use,Smoker Status,Four Level Smoking Status (variable calculated from one or more BRFSS questions),Never smoked,Overall,Overall,"2,703",55.9,54.1,57.7,"2,745",%,Crude Prevalence,,,BRFSS,CLASS17,Topic55,41,BO1,CAT1,_SMOKER3,RESP071,"(44.56744942400047, -120.15503132599969)"
2014,PA,Pennsylvania,Tobacco Use,Smoker Status,Four Level Smoking Status (variable calculated from one or more BRFSS questions),Smoke everyday,Overall,Overall,"1,275",13.9,13,14.9,"2,750",%,Crude Prevalence,,,BRFSS,CLASS17,Topic55,42,BO1,CAT1,_SMOKER3,RESP068,"(40.79373015200048, -77.86070029399963)"
2014,PA,Pennsylvania,Tobacco Use,Smoker Status,Four Level Smoking Status (variable calculated from one or more BRFSS questions),Smoke some days,Overall,Overall,534,6,5.3,6.7,"2,751",%,Crude Prevalence,,,BRFSS,CLASS17,Topic55,42,BO1,CAT1,_SMOKER3,RESP069,"(40.79373015200048, -77.86070029399963)"
2014,PA,Pennsylvania,Tobacco Use,Smoker Status,Four Level Smoking Status (variable calculated from one or more BRFSS questions),Former smoker,Overall,Overall,"3,050",24.8,23.7,25.8,"2,752",%,Crude Prevalence,,,BRFSS,CLASS17,Topic55,42,BO1,CAT1,_SMOKER3,RESP070,"(40.79373015200048, -77.86070029399963)"
2014,PA,Pennsylvania,Tobacco Use,Smoker Status,Four Level Smoking Status (variable calculated from one or more BRFSS questions),Never smoked,Overall,Overall,"5,630",55.3,54,56.7,"2,753",%,Crude Prevalence,,,BRFSS,CLASS17,Topic55,42,BO1,CAT1,_SMOKER3,RESP071,"(40.79373015200048, -77.86070029399963)"
2014,RI,Rhode Island,Tobacco Use,Smoker Status,Four Level Smoking Status (variable calculated from one or more BRFSS questions),Smoke everyday,Overall,Overall,567,11.3,10,12.6,"2,738",%,Crude Prevalence,,,BRFSS,CLASS17,Topic55,44,BO1,CAT1,_SMOKER3,RESP068,"(41.70828019300046, -71.52247031399963)"
2014,RI,Rhode Island,Tobacco Use,Smoker Status,Four Level Smoking Status (variable calculated from one or more BRFSS questions),Smoke some days,Overall,Overall,255,4.9,4.1,5.7,"2,739",%,Crude Prevalence,,,BRFSS,CLASS17,Topic55,44,BO1,CAT1,_SMOKER3,RESP069,"(41.70828019300046, -71.52247031399963)"
2014,RI,Rhode Island,Tobacco Use,Smoker Status,Four Level Smoking Status (variable calculated from one or more BRFSS questions),Former smoker,Overall,Overall,"2,046",27.7,26.3,29.2,"2,740",%,Crude Prevalence,,,BRFSS,CLASS17,Topic55,44,BO1,CAT1,_SMOKER3,RESP070,"(41.70828019300046, -71.52247031399963)"
2014,RI,Rhode Island,Tobacco Use,Smoker Status,Four Level Smoking Status (variable calculated from one or more BRFSS questions),Never smoked,Overall,Overall,"3,229",56,54.3,57.8,"2,741",%,Crude Prevalence,,,BRFSS,CLASS17,Topic55,44,BO1,CAT1,_SMOKER3,RESP071,"(41.70828019300046, -71.52247031399963)"
2014,SC,South Carolina,Tobacco Use,Smoker Status,Four Level Smoking Status (variable calculated from one or more BRFSS questions),Smoke everyday,Overall,Overall,"1,258",14.8,13.8,15.9,"2,756",%,Crude Prevalence,,,BRFSS,CLASS17,Topic55,45,BO1,CAT1,_SMOKER3,RESP068,"(33.998821303000454, -81.04537120699968)"
2014,SC,South Carolina,Tobacco Use,Smoker Status,Four Level Smoking Status (variable calculated from one or more BRFSS questions),Smoke some days,Overall,Overall,571,6.7,6,7.4,"2,757",%,Crude Prevalence,,,BRFSS,CLASS17,Topic55,45,BO1,CAT1,_SMOKER3,RESP069,"(33.998821303000454, -81.04537120699968)"
2014,SC,South Carolina,Tobacco Use,Smoker Status,Four Level Smoking Status (variable calculated from one or more BRFSS questions),Former smoker,Overall,Overall,"3,144",25.3,24.2,26.3,"2,758",%,Crude Prevalence,,,BRFSS,CLASS17,Topic55,45,BO1,CAT1,_SMOKER3,RESP070,"(33.998821303000454, -81.04537120699968)"
2014,SC,South Carolina,Tobacco Use,Smoker Status,Four Level Smoking Status (variable calculated from one or more BRFSS questions),Never smoked,Overall,Overall,"5,662",53.2,51.9,54.5,"2,759",%,Crude Prevalence,,,BRFSS,CLASS17,Topic55,45,BO1,CAT1,_SMOKER3,RESP071,"(33.998821303000454, -81.04537120699968)"
2014,SD,South Dakota,Tobacco Use,Smoker Status,Four Level Smoking Status (variable calculated from one or more BRFSS questions),Smoke everyday,Overall,Overall,804,12.9,11.5,14.3,"2,742",%,Crude Prevalence,,,BRFSS,CLASS17,Topic55,46,BO1,CAT1,_SMOKER3,RESP068,"(44.353130053000484, -100.3735306369997)"
2014,SD,South Dakota,Tobacco Use,Smoker Status,Four Level Smoking Status (variable calculated from one or more BRFSS questions),Smoke some days,Overall,Overall,366,5.7,4.7,6.6,"2,743",%,Crude Prevalence,,,BRFSS,CLASS17,Topic55,46,BO1,CAT1,_SMOKER3,RESP069,"(44.353130053000484, -100.3735306369997)"
2014,SD,South Dakota,Tobacco Use,Smoker Status,Four Level Smoking Status (variable calculated from one or more BRFSS questions),Former smoker,Overall,Overall,"2,174",26.4,24.7,28.2,"2,744",%,Crude Prevalence,,,BRFSS,CLASS17,Topic55,46,BO1,CAT1,_SMOKER3,RESP070,"(44.353130053000484, -100.3735306369997)"
2014,SD,South Dakota,Tobacco Use,Smoker Status,Four Level Smoking Status (variable calculated from one or more BRFSS questions),Never smoked,Overall,Overall,"3,842",55,53,57.1,"2,745",%,Crude Prevalence,,,BRFSS,CLASS17,Topic55,46,BO1,CAT1,_SMOKER3,RESP071,"(44.353130053000484, -100.3735306369997)"
2014,TN,Tennessee,Tobacco Use,Smoker Status,Four Level Smoking Status (variable calculated from one or more BRFSS questions),Smoke everyday,Overall,Overall,752,18.7,17,20.5,"2,740",%,Crude Prevalence,,,BRFSS,CLASS17,Topic55,47,BO1,CAT1,_SMOKER3,RESP068,"(35.68094058000048, -85.77449091399967)"
2014,TN,Tennessee,Tobacco Use,Smoker Status,Four Level Smoking Status (variable calculated from one or more BRFSS questions),Smoke some days,Overall,Overall,217,5.5,4.4,6.6,"2,741",%,Crude Prevalence,,,BRFSS,CLASS17,Topic55,47,BO1,CAT1,_SMOKER3,RESP069,"(35.68094058000048, -85.77449091399967)"
2014,TN,Tennessee,Tobacco Use,Smoker Status,Four Level Smoking Status (variable calculated from one or more BRFSS questions),Former smoker,Overall,Overall,"1,365",24,22.4,25.6,"2,742",%,Crude Prevalence,,,BRFSS,CLASS17,Topic55,47,BO1,CAT1,_SMOKER3,RESP070,"(35.68094058000048, -85.77449091399967)"
2014,TN,Tennessee,Tobacco Use,Smoker Status,Four Level Smoking Status (variable calculated from one or more BRFSS questions),Never smoked,Overall,Overall,"2,517",51.8,49.7,53.9,"2,743",%,Crude Prevalence,,,BRFSS,CLASS17,Topic55,47,BO1,CAT1,_SMOKER3,RESP071,"(35.68094058000048, -85.77449091399967)"
2014,TX,Texas,Tobacco Use,Smoker Status,Four Level Smoking Status (variable calculated from one or more BRFSS questions),Smoke everyday,Overall,Overall,"1,188",8.7,7.9,9.4,"2,754",%,Crude Prevalence,,,BRFSS,CLASS17,Topic55,48,BO1,CAT1,_SMOKER3,RESP068,"(31.827240407000488, -99.42677020599967)"
2014,TX,Texas,Tobacco Use,Smoker Status,Four Level Smoking Status (variable calculated from one or more BRFSS questions),Smoke some days,Overall,Overall,660,5.9,5.2,6.6,"2,755",%,Crude Prevalence,,,BRFSS,CLASS17,Topic55,48,BO1,CAT1,_SMOKER3,RESP069,"(31.827240407000488, -99.42677020599967)"
2014,TX,Texas,Tobacco Use,Smoker Status,Four Level Smoking Status (variable calculated from one or more BRFSS questions),Former smoker,Overall,Overall,"3,747",21.3,20.2,22.4,"2,756",%,Crude Prevalence,,,BRFSS,CLASS17,Topic55,48,BO1,CAT1,_SMOKER3,RESP070,"(31.827240407000488, -99.42677020599967)"
2014,TX,Texas,Tobacco Use,Smoker Status,Four Level Smoking Status (variable calculated from one or more BRFSS questions),Never smoked,Overall,Overall,"8,941",64.2,62.8,65.5,"2,757",%,Crude Prevalence,,,BRFSS,CLASS17,Topic55,48,BO1,CAT1,_SMOKER3,RESP071,"(31.827240407000488, -99.42677020599967)"
2014,UT,Utah,Tobacco Use,Smoker Status,Four Level Smoking Status (variable calculated from one or more BRFSS questions),Smoke everyday,Overall,Overall,828,6.4,5.9,6.9,"2,754",%,Crude Prevalence,,,BRFSS,CLASS17,Topic55,49,BO1,CAT1,_SMOKER3,RESP068,"(39.360700171000474, -111.58713063499971)"
2014,UT,Utah,Tobacco Use,Smoker Status,Four Level Smoking Status (variable calculated from one or more BRFSS questions),Smoke some days,Overall,Overall,385,3.3,2.9,3.6,"2,755",%,Crude Prevalence,,,BRFSS,CLASS17,Topic55,49,BO1,CAT1,_SMOKER3,RESP069,"(39.360700171000474, -111.58713063499971)"
2014,UT,Utah,Tobacco Use,Smoker Status,Four Level Smoking Status (variable calculated from one or more BRFSS questions),Former smoker,Overall,Overall,"2,510",16.1,15.3,16.8,"2,756",%,Crude Prevalence,,,BRFSS,CLASS17,Topic55,49,BO1,CAT1,_SMOKER3,RESP070,"(39.360700171000474, -111.58713063499971)"
2014,UT,Utah,Tobacco Use,Smoker Status,Four Level Smoking Status (variable calculated from one or more BRFSS questions),Never smoked,Overall,Overall,"10,736",74.3,73.4,75.2,"2,757",%,Crude Prevalence,,,BRFSS,CLASS17,Topic55,49,BO1,CAT1,_SMOKER3,RESP071,"(39.360700171000474, -111.58713063499971)"
2014,VT,Vermont,Tobacco Use,Smoker Status,Four Level Smoking Status (variable calculated from one or more BRFSS questions),Smoke everyday,Overall,Overall,621,11.7,10.7,12.8,"2,715",%,Crude Prevalence,,,BRFSS,CLASS17,Topic55,50,BO1,CAT1,_SMOKER3,RESP068,"(43.62538123900049, -72.51764079099962)"
2014,VT,Vermont,Tobacco Use,Smoker Status,Four Level Smoking Status (variable calculated from one or more BRFSS questions),Smoke some days,Overall,Overall,246,4.7,4,5.4,"2,716",%,Crude Prevalence,,,BRFSS,CLASS17,Topic55,50,BO1,CAT1,_SMOKER3,RESP069,"(43.62538123900049, -72.51764079099962)"
2014,VT,Vermont,Tobacco Use,Smoker Status,Four Level Smoking Status (variable calculated from one or more BRFSS questions),Former smoker,Overall,Overall,"2,113",31.1,29.7,32.4,"2,717",%,Crude Prevalence,,,BRFSS,CLASS17,Topic55,50,BO1,CAT1,_SMOKER3,RESP070,"(43.62538123900049, -72.51764079099962)"
2014,VT,Vermont,Tobacco Use,Smoker Status,Four Level Smoking Status (variable calculated from one or more BRFSS questions),Never smoked,Overall,Overall,"3,188",52.5,51,54,"2,718",%,Crude Prevalence,,,BRFSS,CLASS17,Topic55,50,BO1,CAT1,_SMOKER3,RESP071,"(43.62538123900049, -72.51764079099962)"
2014,VA,Virginia,Tobacco Use,Smoker Status,Four Level Smoking Status (variable calculated from one or more BRFSS questions),Smoke everyday,Overall,Overall,"1,056",14,13,15,"2,752",%,Crude Prevalence,,,BRFSS,CLASS17,Topic55,51,BO1,CAT1,_SMOKER3,RESP068,"(37.54268067400045, -78.45789046299967)"
2014,VA,Virginia,Tobacco Use,Smoker Status,Four Level Smoking Status (variable calculated from one or more BRFSS questions),Smoke some days,Overall,Overall,401,5.6,4.9,6.2,"2,753",%,Crude Prevalence,,,BRFSS,CLASS17,Topic55,51,BO1,CAT1,_SMOKER3,RESP069,"(37.54268067400045, -78.45789046299967)"
2014,VA,Virginia,Tobacco Use,Smoker Status,Four Level Smoking Status (variable calculated from one or more BRFSS questions),Former smoker,Overall,Overall,"2,555",23.2,22.1,24.3,"2,754",%,Crude Prevalence,,,BRFSS,CLASS17,Topic55,51,BO1,CAT1,_SMOKER3,RESP070,"(37.54268067400045, -78.45789046299967)"
2014,VA,Virginia,Tobacco Use,Smoker Status,Four Level Smoking Status (variable calculated from one or more BRFSS questions),Never smoked,Overall,Overall,"5,088",57.3,55.9,58.6,"2,755",%,Crude Prevalence,,,BRFSS,CLASS17,Topic55,51,BO1,CAT1,_SMOKER3,RESP071,"(37.54268067400045, -78.45789046299967)"
2014,WA,Washington,Tobacco Use,Smoker Status,Four Level Smoking Status (variable calculated from one or more BRFSS questions),Smoke everyday,Overall,Overall,805,10.9,9.9,11.9,"2,753",%,Crude Prevalence,,,BRFSS,CLASS17,Topic55,53,BO1,CAT1,_SMOKER3,RESP068,"(47.52227862900048, -120.47001078999972)"
2014,WA,Washington,Tobacco Use,Smoker Status,Four Level Smoking Status (variable calculated from one or more BRFSS questions),Smoke some days,Overall,Overall,336,4.4,3.9,5,"2,754",%,Crude Prevalence,,,BRFSS,CLASS17,Topic55,53,BO1,CAT1,_SMOKER3,RESP069,"(47.52227862900048, -120.47001078999972)"
2014,WA,Washington,Tobacco Use,Smoker Status,Four Level Smoking Status (variable calculated from one or more BRFSS questions),Former smoker,Overall,Overall,"2,992",26.4,25.2,27.5,"2,755",%,Crude Prevalence,,,BRFSS,CLASS17,Topic55,53,BO1,CAT1,_SMOKER3,RESP070,"(47.52227862900048, -120.47001078999972)"
2014,WA,Washington,Tobacco Use,Smoker Status,Four Level Smoking Status (variable calculated from one or more BRFSS questions),Never smoked,Overall,Overall,"5,594",58.3,56.9,59.7,"2,756",%,Crude Prevalence,,,BRFSS,CLASS17,Topic55,53,BO1,CAT1,_SMOKER3,RESP071,"(47.52227862900048, -120.47001078999972)"
2014,WV,West Virginia,Tobacco Use,Smoker Status,Four Level Smoking Status (variable calculated from one or more BRFSS questions),Smoke everyday,Overall,Overall,"1,150",22.5,21.2,23.9,"2,734",%,Crude Prevalence,,,BRFSS,CLASS17,Topic55,54,BO1,CAT1,_SMOKER3,RESP068,"(38.66551020200046, -80.71264013499967)"
2014,WV,West Virginia,Tobacco Use,Smoker Status,Four Level Smoking Status (variable calculated from one or more BRFSS questions),Smoke some days,Overall,Overall,217,4.2,3.5,4.8,"2,735",%,Crude Prevalence,,,BRFSS,CLASS17,Topic55,54,BO1,CAT1,_SMOKER3,RESP069,"(38.66551020200046, -80.71264013499967)"
2014,WV,West Virginia,Tobacco Use,Smoker Status,Four Level Smoking Status (variable calculated from one or more BRFSS questions),Former smoker,Overall,Overall,"1,727",26.8,25.5,28.1,"2,736",%,Crude Prevalence,,,BRFSS,CLASS17,Topic55,54,BO1,CAT1,_SMOKER3,RESP070,"(38.66551020200046, -80.71264013499967)"
2014,WV,West Virginia,Tobacco Use,Smoker Status,Four Level Smoking Status (variable calculated from one or more BRFSS questions),Never smoked,Overall,Overall,"2,992",46.6,45.1,48.1,"2,737",%,Crude Prevalence,,,BRFSS,CLASS17,Topic55,54,BO1,CAT1,_SMOKER3,RESP071,"(38.66551020200046, -80.71264013499967)"
2014,WI,Wisconsin,Tobacco Use,Smoker Status,Four Level Smoking Status (variable calculated from one or more BRFSS questions),Smoke everyday,Overall,Overall,739,12.9,11.6,14.1,"2,743",%,Crude Prevalence,,,BRFSS,CLASS17,Topic55,55,BO1,CAT1,_SMOKER3,RESP068,"(44.39319117400049, -89.81637074199966)"
2014,WI,Wisconsin,Tobacco Use,Smoker Status,Four Level Smoking Status (variable calculated from one or more BRFSS questions),Smoke some days,Overall,Overall,274,4.5,3.8,5.2,"2,744",%,Crude Prevalence,,,BRFSS,CLASS17,Topic55,55,BO1,CAT1,_SMOKER3,RESP069,"(44.39319117400049, -89.81637074199966)"
2014,WI,Wisconsin,Tobacco Use,Smoker Status,Four Level Smoking Status (variable calculated from one or more BRFSS questions),Former smoker,Overall,Overall,"2,053",26.3,24.9,27.7,"2,745",%,Crude Prevalence,,,BRFSS,CLASS17,Topic55,55,BO1,CAT1,_SMOKER3,RESP070,"(44.39319117400049, -89.81637074199966)"
2014,WI,Wisconsin,Tobacco Use,Smoker Status,Four Level Smoking Status (variable calculated from one or more BRFSS questions),Never smoked,Overall,Overall,"3,661",56.3,54.6,58,"2,746",%,Crude Prevalence,,,BRFSS,CLASS17,Topic55,55,BO1,CAT1,_SMOKER3,RESP071,"(44.39319117400049, -89.81637074199966)"
2014,WY,Wyoming,Tobacco Use,Smoker Status,Four Level Smoking Status (variable calculated from one or more BRFSS questions),Smoke everyday,Overall,Overall,646,14.3,12.6,16,"2,742",%,Crude Prevalence,,,BRFSS,CLASS17,Topic55,56,BO1,CAT1,_SMOKER3,RESP068,"(43.23554134300048, -108.10983035299967)"
2014,WY,Wyoming,Tobacco Use,Smoker Status,Four Level Smoking Status (variable calculated from one or more BRFSS questions),Smoke some days,Overall,Overall,229,5.2,4.1,6.3,"2,743",%,Crude Prevalence,,,BRFSS,CLASS17,Topic55,56,BO1,CAT1,_SMOKER3,RESP069,"(43.23554134300048, -108.10983035299967)"
2014,WY,Wyoming,Tobacco Use,Smoker Status,Four Level Smoking Status (variable calculated from one or more BRFSS questions),Former smoker,Overall,Overall,"1,862",24.6,22.9,26.3,"2,744",%,Crude Prevalence,,,BRFSS,CLASS17,Topic55,56,BO1,CAT1,_SMOKER3,RESP070,"(43.23554134300048, -108.10983035299967)"
2014,WY,Wyoming,Tobacco Use,Smoker Status,Four Level Smoking Status (variable calculated from one or more BRFSS questions),Never smoked,Overall,Overall,"3,341",55.9,53.8,58.1,"2,745",%,Crude Prevalence,,,BRFSS,CLASS17,Topic55,56,BO1,CAT1,_SMOKER3,RESP071,"(43.23554134300048, -108.10983035299967)"
2014,GU,Guam,Tobacco Use,Smoker Status,Four Level Smoking Status (variable calculated from one or more BRFSS questions),Smoke everyday,Overall,Overall,371,19.9,17.3,22.4,"2,719",%,Crude Prevalence,,,BRFSS,CLASS17,Topic55,66,BO1,CAT1,_SMOKER3,RESP068,"(13.444304, 144.793731)"
2014,GU,Guam,Tobacco Use,Smoker Status,Four Level Smoking Status (variable calculated from one or more BRFSS questions),Smoke some days,Overall,Overall,198,9.4,7.6,11.2,"2,720",%,Crude Prevalence,,,BRFSS,CLASS17,Topic55,66,BO1,CAT1,_SMOKER3,RESP069,"(13.444304, 144.793731)"
2014,GU,Guam,Tobacco Use,Smoker Status,Four Level Smoking Status (variable calculated from one or more BRFSS questions),Former smoker,Overall,Overall,397,15.1,13.3,16.9,"2,721",%,Crude Prevalence,,,BRFSS,CLASS17,Topic55,66,BO1,CAT1,_SMOKER3,RESP070,"(13.444304, 144.793731)"
2014,GU,Guam,Tobacco Use,Smoker Status,Four Level Smoking Status (variable calculated from one or more BRFSS questions),Never smoked,Overall,Overall,"1,404",55.7,52.8,58.5,"2,722",%,Crude Prevalence,,,BRFSS,CLASS17,Topic55,66,BO1,CAT1,_SMOKER3,RESP071,"(13.444304, 144.793731)"
2014,PR,Puerto Rico,Tobacco Use,Smoker Status,Four Level Smoking Status (variable calculated from one or more BRFSS questions),Smoke everyday,Overall,Overall,368,7.6,6.7,8.5,"2,567",%,Crude Prevalence,,,BRFSS,CLASS17,Topic55,72,BO1,CAT1,_SMOKER3,RESP068,"(18.220833, -66.590149)"
2014,PR,Puerto Rico,Tobacco Use,Smoker Status,Four Level Smoking Status (variable calculated from one or more BRFSS questions),Smoke some days,Overall,Overall,170,3.7,3,4.4,"2,568",%,Crude Prevalence,,,BRFSS,CLASS17,Topic55,72,BO1,CAT1,_SMOKER3,RESP069,"(18.220833, -66.590149)"
2014,PR,Puerto Rico,Tobacco Use,Smoker Status,Four Level Smoking Status (variable calculated from one or more BRFSS questions),Former smoker,Overall,Overall,"1,151",18.2,17,19.4,"2,569",%,Crude Prevalence,,,BRFSS,CLASS17,Topic55,72,BO1,CAT1,_SMOKER3,RESP070,"(18.220833, -66.590149)"
2014,PR,Puerto Rico,Tobacco Use,Smoker Status,Four Level Smoking Status (variable calculated from one or more BRFSS questions),Never smoked,Overall,Overall,"4,218",70.6,69.1,72,"2,570",%,Crude Prevalence,,,BRFSS,CLASS17,Topic55,72,BO1,CAT1,_SMOKER3,RESP071,"(18.220833, -66.590149)"
2014,UW,All States and DC (median) **,Tobacco Use,Smoker Status,Four Level Smoking Status (variable calculated from one or more BRFSS questions),Smoke everyday,Overall,Overall,51,12.9,,,"2,734",%,Crude Prevalence,,,BRFSS,CLASS17,Topic55,98,BO1,CAT1,_SMOKER3,RESP068,
2014,UW,All States and DC (median) **,Tobacco Use,Smoker Status,Four Level Smoking Status (variable calculated from one or more BRFSS questions),Smoke some days,Overall,Overall,51,5.2,,,"2,735",%,Crude Prevalence,,,BRFSS,CLASS17,Topic55,98,BO1,CAT1,_SMOKER3,RESP069,
2014,UW,All States and DC (median) **,Tobacco Use,Smoker Status,Four Level Smoking Status (variable calculated from one or more BRFSS questions),Former smoker,Overall,Overall,51,25,,,"2,736",%,Crude Prevalence,,,BRFSS,CLASS17,Topic55,98,BO1,CAT1,_SMOKER3,RESP070,
2014,UW,All States and DC (median) **,Tobacco Use,Smoker Status,Four Level Smoking Status (variable calculated from one or more BRFSS questions),Never smoked,Overall,Overall,51,55.9,,,"2,737",%,Crude Prevalence,,,BRFSS,CLASS17,Topic55,98,BO1,CAT1,_SMOKER3,RESP071,
2014,US,"All States, DC and Territories (median) **",Tobacco Use,Smoker Status,Four Level Smoking Status (variable calculated from one or more BRFSS questions),Smoke everyday,Overall,Overall,53,12.9,,,"2,735",%,Crude Prevalence,,,BRFSS,CLASS17,Topic55,99,BO1,CAT1,_SMOKER3,RESP068,
2014,US,"All States, DC and Territories (median) **",Tobacco Use,Smoker Status,Four Level Smoking Status (variable calculated from one or more BRFSS questions),Smoke some days,Overall,Overall,53,5.2,,,"2,736",%,Crude Prevalence,,,BRFSS,CLASS17,Topic55,99,BO1,CAT1,_SMOKER3,RESP069,
2014,US,"All States, DC and Territories (median) **",Tobacco Use,Smoker Status,Four Level Smoking Status (variable calculated from one or more BRFSS questions),Former smoker,Overall,Overall,53,24.8,,,"2,737",%,Crude Prevalence,,,BRFSS,CLASS17,Topic55,99,BO1,CAT1,_SMOKER3,RESP070,
2014,US,"All States, DC and Territories (median) **",Tobacco Use,Smoker Status,Four Level Smoking Status (variable calculated from one or more BRFSS questions),Never smoked,Overall,Overall,53,55.9,,,"2,738",%,Crude Prevalence,,,BRFSS,CLASS17,Topic55,99,BO1,CAT1,_SMOKER3,RESP071,
